Name,Team,Position,Height,Weight,Hands,Arm,Span,40yd,10yd,Shuttle,Vertical,Broad,Three Cone,NormHeight,NormWeight,NormHands,NormArm,NormSpan,AVG_Physical,Norm40,Norm10,NormShuttle,NormVert,NormBroad,NormThreeCone,AVG_SpeedAcceleration,AVG_AgilityExplosiveness,RECV,DROP,FUM,normRecV,normDrop,normFum,AVG_Hands,YAC/REC,Y/RR,aDoT,Drop %,CTC %,RTG,SOS,normYAC,normYRR,normDrop,normCTC,normADOT,,normSOS,NormBuild,NormAthletics,NormPhysical,NormSpeed,NormExplosive,NormAgility,,AV+XFP/RR,PFF,normAVXFPRR,normPFF,normAVG,AvgPerf,FINAL_PERM,OtherPerm,DYAR,DVOA,Catch %,normDYAR,normDVOA,normCatch%,RR,RR_2022,RR_2023,Yards,Yards_2022,Yards_2023,YPRR,normYPRR,AV,AV/RR,YAC/R,normYAC,YPTOE,normYPTOE,normXFPRR,XFP/RR
Puka Nacua,BYU,WR,74,201,9.5,31.5,74.8,4.57,1.62,4.36,33,121,7.32,0.700,0.513,0.600,0.478,0.414,0.541,0.538,0.150,0.3,0.3,0.49,0.1,0.344,0.284,90.1,75.4,37.7,0.971,0.708,0.212,0.571,7.4,3.53,12.00,5.9,50,119.3,0.4,0.635,0.970,0.631,0.500,0.5,0.10,0.529,0.5,0.304,0.541,0.383,0.391,0.177,0.177,0.594,90.2,1.0,0.9,0.9,0.697,0.799,0.659,310,11.8,66,0.725,0.574,0.629,540,0,540,1486,0,1486,2.75,0.679,14,0.65,6.18,0.691,1.7,0.756,0.710,0.54
Rashee Rice,SMU,WR,73,204,9.5,32.75,77.375,4.51,1.49,4.23,41,128,7.02,0.600,0.550,0.600,0.696,0.598,0.609,0.613,0.800,0.5,1.0,0.69,0.4,0.706,0.644,85.6,64.9,27.9,0.826,0.498,0.048,0.529,6.2,3.05,11.20,8.6,48.5,99.9,2.3,0.494,0.761,0.463,0.485,0.4,0.08,0.590,0.6,0.665,0.609,0.688,0.825,0.464,0.243,0.524,84.9,0.9,0.8,0.9,0.728,0.789,0.727,223,15.3,77.5,0.608,0.596,0.813,358,0,358,938,0,938,2.62,0.647,8,0.56,8.3,0.973,2.4,0.833,0.629,0.49
Nathaniel Dell,HOU,WR,68,165,8.625,30.5,72.625,4.49,1.49,,,121,,0.100,0.063,0.250,0.304,0.259,0.195,0.638,0.800,,,0.49,,0.719,0.490,85.3,71.1,56.4,0.816,0.622,0.523,0.452,5.1,2.62,11.30,8.1,63.6,132,0.7,0.365,0.574,0.494,0.636,0.4,0.07,0.539,0.2,0.642,0.195,0.703,0.490,0.500,0.110,0.493,83.4,0.8,0.8,0.8,0.523,0.678,0.527,185,18.9,62.7,0.557,0.619,0.576,296,0,296,709,0,709,2.40,0.591,6,0.51,3.19,0.292,0.4,0.611,0.613,0.48
Dontayvion Wicks,VIR,WR,73,206,10,32.375,79.875,4.62,1.59,4.2,39,130,6.91,0.600,0.575,0.800,0.630,0.777,0.676,0.475,0.300,0.6,0.8,0.75,0.6,0.388,0.662,69.6,42.75,30,0.310,0.055,0.083,0.404,4.6,2.35,16.50,15.6,36.55,93.95,-0.3,0.306,0.457,0.025,0.366,0.8,0.03,0.506,0.7,0.571,0.676,0.405,0.770,0.555,0.238,0.508,77.8,0.8,0.8,0.8,0.617,0.697,0.618,194,27.7,67.2,0.569,0.676,0.648,252,0,252,581,0,581,2.31,0.569,6,0.60,5.69,0.625,1.9,0.778,0.516,0.42
Zay Flowers,BOSCOL,WR,69,182,9.25,29.25,72.25,4.42,1.53,,35.5,127,,0.200,0.275,0.500,0.087,0.232,0.259,0.725,0.600,,0.5,0.66,,0.663,0.581,76.6,64.9,56,0.535,0.498,0.517,0.446,6.4,2.22,10.40,9.3,58.3,106.1,-0.7,0.518,0.400,0.419,0.583,0.4,0.05,0.494,0.3,0.622,0.259,0.675,0.581,0.500,0.135,0.413,76.3,0.7,0.8,0.7,0.493,0.628,0.528,117,1.1,71.3,0.466,0.505,0.714,504,0,504,858,0,858,1.70,0.420,9,0.45,5.03,0.537,0.4,0.611,0.452,0.38
Demario Douglas,LIBRTY,WR,68,179,8.75,30.25,72.5,4.44,1.54,4.29,39.5,134,7.05,0.100,0.238,0.300,0.261,0.250,0.230,0.700,0.550,0.4,0.8,0.86,0.4,0.625,0.622,86.2,74.7,71.2,0.845,0.694,0.770,0.474,6.4,2.63,13.00,5.4,46.2,88.6,-6.9,0.518,0.578,0.663,0.462,0.5,0.08,0.294,0.2,0.623,0.230,0.640,0.848,0.396,0.160,0.380,74.4,0.6,0.7,0.7,0.529,0.636,0.488,-43,-19.7,62.8,0.251,0.370,0.578,312,0,312,561,0,561,1.80,0.444,4,0.32,6.98,0.797,-0.3,0.533,0.548,0.44
Jake Bobo,UCLA,WR,76,206,10,32.25,78.25,4.85,1.65,4.4,36,117,7.09,0.900,0.575,0.800,0.609,0.661,0.709,0.188,0.000,0.2,0.5,0.38,0.3,0.094,0.370,83.7,73.2,76.9,0.765,0.664,0.865,0.649,4.9,2.13,12.30,6.9,55,126.5,2.6,0.341,0.361,0.569,0.550,0.5,0.05,0.600,0.7,0.278,0.709,0.113,0.458,0.281,0.207,0.377,73.5,0.6,0.7,0.7,0.474,0.604,0.516,40,9.1,76,0.362,0.556,0.789,130,0,130,196,0,196,1.51,0.372,2,0.38,4.74,0.499,1,0.678,0.435,0.37
Jayden Reed,MST,WR,71,187,9.125,30.5,73.125,4.45,1.57,4.29,33.5,121,,0.400,0.338,0.450,0.304,0.295,0.357,0.688,0.400,0.4,0.3,0.49,,0.544,0.408,76.95,62.7,65.75,0.547,0.454,0.679,0.453,5.25,2.335,12.70,9.3,64.7,103.1,7.1,0.382,0.450,0.419,0.647,0.5,0.05,0.745,0.4,0.462,0.357,0.573,0.412,0.400,0.139,0.566,73.3,0.9,0.7,0.8,0.616,0.675,0.581,167,9.7,68.1,0.533,0.560,0.662,356,0,356,793,0,793,2.23,0.550,9,0.63,5.48,0.597,0.8,0.656,0.645,0.5
Josh Downs,NCAR,WR,69,171,9.25,30.375,73.375,4.48,1.49,4.15,38.5,131,6.75,0.200,0.138,0.500,0.283,0.313,0.287,0.650,0.800,0.6,0.8,0.78,0.8,0.725,0.728,86.1,86.3,66.3,0.842,0.926,0.688,0.654,4,2.16,8.90,3.5,75,139.1,3.6,0.235,0.374,0.781,0.750,0.3,0.07,0.632,0.3,0.727,0.287,0.710,0.764,0.692,0.158,0.389,70.3,0.6,0.7,0.7,0.510,0.606,0.523,78,-2.1,69.4,0.413,0.484,0.683,439,0,439,771,0,771,1.76,0.434,7,0.40,5.49,0.599,0.9,0.667,0.452,0.38
Jordan Addison,USC,WR,71,173,8.75,30.875,74.5,4.49,1.56,4.19,34,122,7.05,0.400,0.163,0.300,0.370,0.393,0.325,0.638,0.450,0.6,0.4,0.52,0.4,0.544,0.463,84.7,83.5,58.6,0.797,0.870,0.560,0.525,7.3,2.99,10.90,3.6,28.6,146.7,6.6,0.624,0.735,0.775,0.286,0.4,0.10,0.729,0.3,0.490,0.325,0.563,0.447,0.480,0.133,0.352,68.6,0.6,0.7,0.6,0.425,0.555,0.503,192,10,64.8,0.566,0.562,0.610,559,0,559,911,0,911,1.63,0.402,7,0.31,3.81,0.375,0,0.567,0.468,0.39
Michael Wilson,STAN,WR,74,213,9.75,31,75.125,4.58,1.53,4.27,37.5,125,6.81,0.700,0.663,0.700,0.391,0.438,0.578,0.525,0.600,0.4,0.7,0.60,0.7,0.563,0.596,72,53.5,73,0.387,0.270,0.800,0.420,6.9,2.3,10.40,12.9,50,135.5,3.7,0.576,0.435,0.194,0.500,0.4,0.04,0.635,0.6,0.585,0.578,0.555,0.636,0.556,0.208,0.348,68.3,0.6,0.7,0.6,0.414,0.548,0.489,136,18.1,65.5,0.491,0.614,0.621,388,0,388,565,0,565,1.46,0.360,6,0.39,3.71,0.361,0.5,0.622,0.339,0.31
Tre Tucker,CIN,WR,69,182,8.625,28.875,70.375,4.4,1.48,4.49,37.5,124,7.07,0.200,0.275,0.250,0.022,0.098,0.169,0.750,0.850,0.1,0.7,0.58,0.4,0.800,0.420,69.5,61.9,54.2,0.306,0.438,0.487,0.303,6.3,2.24,8.10,10.2,36.4,105.2,0.5,0.506,0.409,0.363,0.364,0.2,0.05,0.532,0.2,0.546,0.169,0.790,0.621,0.218,0.133,0.329,65.2,0.5,0.7,0.6,0.324,0.488,0.363,58,8.9,55.9,0.387,0.555,0.467,215,0,215,331,0,331,1.54,0.380,3,0.35,1.21,0.028,-0.4,0.522,0.339,0.31
Jaxon Smith-Njigba,OHIOST,WR,73,196,9,30.5,75.5,4.52,1.65,3.93,35,125,6.57,0.600,0.450,0.400,0.304,0.464,0.444,0.600,0.000,1.0,0.5,0.60,1.0,0.300,0.757,90.2,73.8,81.1,0.974,0.676,0.935,0.621,7.6,3.56,8.80,7,100,135.2,14.7,0.659,0.983,0.563,1.000,0.3,0.10,0.990,0.4,0.605,0.444,0.360,0.532,0.982,0.147,0.341,63.3,0.6,0.6,0.6,0.453,0.543,0.486,25,-9.2,67.7,0.342,0.438,0.656,452,0,452,628,0,628,1.39,0.343,6,0.33,5.89,0.652,-0.3,0.533,0.403,0.35
Marvin Mims Jr.,OKL,WR,71,183,9,31.625,74.75,4.38,1.55,,39.5,129,6.9,0.400,0.288,0.400,0.500,0.411,0.400,0.775,0.500,,0.8,0.72,0.6,0.638,0.708,75.7,68,71.7,0.506,0.560,0.778,0.485,8.5,2.71,16.30,7.1,50,122.4,8.9,0.765,0.613,0.556,0.500,0.8,0.07,0.803,0.4,0.680,0.400,0.665,0.777,0.571,0.186,0.405,63.1,0.7,0.6,0.7,0.576,0.604,0.576,82,19.7,66.7,0.419,0.625,0.640,236,0,236,377,0,377,1.60,0.394,5,0.53,7,0.800,2.7,0.867,0.290,0.28
A.T. Perry,WAKE,WR,76,198,9.25,33.25,82.625,4.47,1.59,4.32,35,133,6.81,0.900,0.475,0.500,0.783,0.973,0.726,0.663,0.300,0.4,0.5,0.83,0.7,0.481,0.580,80.8,66.2,75.4,0.671,0.524,0.840,0.577,2,2.5,14.90,9.1,45.8,108.6,4,0.000,0.522,0.431,0.458,0.7,0.06,0.645,0.7,0.547,0.726,0.518,0.647,0.514,0.243,0.247,61,0.4,0.6,0.5,0.381,0.495,0.507,125,74,66.7,0.477,0.975,0.640,190,0,190,246,0,246,1.29,0.320,2,0.26,1.92,0.123,3.8,0.989,0.210,0.23
Malik Heath,MISS,WR,74,213,9.125,32.5,79.875,4.64,1.53,4.45,34,124,6.96,0.700,0.663,0.450,0.652,0.777,0.648,0.450,0.600,0.1,0.4,0.58,0.5,0.525,0.396,74,66.4,74,0.452,0.528,0.817,0.532,5.6,2.45,13.30,8.8,45.5,111.4,7.2,0.424,0.500,0.450,0.455,0.6,0.06,0.748,0.6,0.439,0.648,0.510,0.476,0.317,0.211,0.305,60.1,0.5,0.6,0.6,0.279,0.440,0.343,-8,-17.3,62.5,0.298,0.386,0.573,109,0,109,125,0,125,1.15,0.283,1,0.23,2.33,0.177,-2.8,0.256,0.452,0.38
Jalin Hyatt,TENN,WR,72,176,9,32.5,77.625,4.4,1.50,4.33,40,135,7.06,0.500,0.200,0.400,0.652,0.616,0.474,0.750,0.750,0.3,0.9,0.89,0.4,0.750,0.620,78.2,73.5,75.4,0.587,0.670,0.840,0.571,7.3,3.27,14.10,6.9,60,156.5,14.3,0.624,0.857,0.569,0.600,0.6,0.09,0.977,0.5,0.664,0.474,0.750,0.884,0.357,0.225,0.213,59.7,0.4,0.6,0.5,0.271,0.434,0.324,-14,-17.6,57.5,0.290,0.384,0.493,364,0,364,373,0,373,1.02,0.253,3,0.21,2.52,0.203,-0.6,0.500,0.194,0.22
Quentin Johnston,TCU,WR,75,208,9.625,33.625,81.625,4.52,1.59,4.28,40.5,134,7.31,0.800,0.600,0.650,0.848,0.902,0.760,0.600,0.300,0.4,0.9,0.86,0.1,0.450,0.570,77.5,49.2,74.3,0.565,0.184,0.822,0.461,7.6,2.86,12.20,14,44.4,105.9,12.3,0.659,0.678,0.125,0.444,0.5,0.05,0.913,0.8,0.530,0.760,0.480,0.890,0.250,0.282,0.261,58.9,0.4,0.6,0.5,0.295,0.442,0.378,23,-8.6,56.7,0.340,0.442,0.480,451,0,451,431,0,431,0.96,0.236,4,0.22,3.95,0.393,-2.4,0.300,0.323,0.3
Xavier Gipson,SFAUS,WR,69,183,8.5,30.25,70.625,4.42,1.46,4.07,34.5,118,6.88,0.200,0.288,0.200,0.261,0.116,0.213,0.725,0.950,0.8,0.4,0.40,0.6,0.838,0.546,89.4,81.4,83.2,0.948,0.828,0.970,0.410,10.3,3.44,9.90,4.4,18.2,137.5,-16,0.976,0.930,0.725,0.182,0.3,0.11,0.000,0.2,0.643,0.213,0.815,0.410,0.681,0.109,0.223,56.2,0.4,0.6,0.5,0.319,0.440,0.356,-46,-29.4,55.3,0.247,0.308,0.458,318,0,318,229,0,229,0.72,0.178,3,0.24,5.43,0.591,-1.4,0.411,0.177,0.21
Cedric Tillman,TENN,WR,75,213,10,32.75,79.25,4.54,1.53,,37,128,7.32,0.800,0.663,0.800,0.696,0.732,0.738,0.575,0.600,,0.6,0.69,0.1,0.588,0.463,73.5,78.85,73.75,0.435,0.777,0.813,0.709,4,2.22,14.90,5,55,124.4,14.3,0.235,0.400,0.688,0.550,0.7,0.06,0.977,0.7,0.513,0.738,0.585,0.658,0.071,0.258,0.196,55.5,0.3,0.6,0.4,0.213,0.384,0.273,-57,-29,47.7,0.232,0.310,0.336,328,0,328,224,0,224,0.68,0.169,2,0.15,3.38,0.317,-3.3,0.200,0.226,0.24
Jonathan Mingo,MISS,WR,74,220,10.375,31.125,75.75,4.46,1.54,4.25,39.5,129,7.04,0.700,0.750,0.950,0.413,0.482,0.659,0.675,0.550,0.5,0.8,0.72,0.4,0.613,0.606,81,76.7,53.9,0.677,0.734,0.482,0.653,7.3,2.26,14.40,5.9,46.7,100.6,7.2,0.624,0.417,0.631,0.467,0.6,0.06,0.748,0.7,0.608,0.659,0.625,0.777,0.436,0.248,0.203,54.7,0.3,0.5,0.4,0.239,0.393,0.229,-230,-47.3,50.6,0.000,0.192,0.382,517,0,517,418,0,418,0.81,0.200,3,0.15,3.77,0.369,-3.1,0.222,0.258,0.26
Trey Palmer,NEBR,WR,72,192,9.625,31.875,76.125,4.33,1.51,4.26,29.5,114,7.13,0.500,0.400,0.650,0.543,0.509,0.520,0.838,0.700,0.5,0.0,0.29,0.3,0.769,0.259,83.6,54,64.4,0.761,0.280,0.657,0.395,5.4,3.26,13.50,12.3,30.4,103.7,2,0.400,0.852,0.231,0.304,0.6,0.07,0.581,0.5,0.429,0.520,0.783,0.144,0.374,0.158,0.257,53.3,0.4,0.5,0.5,0.261,0.397,0.290,-102,-31.7,57.4,0.172,0.293,0.491,427,0,427,385,0,385,0.90,0.223,4,0.23,3.03,0.271,-2.5,0.289,0.290,0.28
Tyler Scott,CIN,WR,70,177,9,30.875,72.75,4.44,1.51,4.25,39.5,133,6.99,0.300,0.213,0.400,0.370,0.268,0.310,0.700,0.700,0.5,0.8,0.83,0.5,0.700,0.650,73.2,58.3,74.6,0.426,0.366,0.827,0.376,6.6,2.5,12.70,11.3,55,116.9,0.5,0.541,0.522,0.294,0.550,0.5,0.05,0.532,0.3,0.667,0.310,0.700,0.834,0.465,0.177,0.234,52.7,0.4,0.5,0.5,0.252,0.390,0.309,-47,-30.9,53.1,0.246,0.298,0.422,230,0,230,168,0,168,0.73,0.180,2,0.22,4,0.400,-3.1,0.222,0.242,0.25
Parker Washington,PENNST,WR,70,204,10.125,29,72,4.49,,,,,,0.300,0.550,0.850,0.043,0.214,0.392,0.638,8.250,,,,,4.444,0.500,76.7,74.1,66.3,0.539,0.682,0.688,0.616,6.3,2.18,10.30,6.1,71.4,89.9,10.7,0.506,0.383,0.619,0.714,0.4,0.06,0.861,0.4,4.444,0.392,3.683,0.500,0.500,0.148,0.190,51.1,0.3,0.5,0.4,0.248,0.379,0.406,17,-1.9,76.2,0.332,0.485,0.792,166,0,166,132,0,132,0.80,0.196,1,0.15,2.69,0.225,-1,0.456,0.210,0.23
Jason Brownlee,SOUMIS,WR,74,198,9.75,33.75,80.375,4.59,1.52,4.32,39.5,131,6.91,0.700,0.475,0.700,0.870,0.813,0.711,0.513,0.650,0.4,0.8,0.78,0.6,0.581,0.630,77.3,72.2,47,0.558,0.644,0.367,0.650,4.8,2.31,14.50,5.5,43.8,64.5,-7,0.329,0.439,0.656,0.438,0.6,0.07,0.290,0.7,0.614,0.711,0.568,0.805,0.455,0.259,0.050,47.7,0.1,0.5,0.3,0.221,0.349,0.401,11,7.4,62.5,0.323,0.545,0.573,167,0,167,56,0,56,0.34,0.083,0,0.00,4.6,0.480,-0.2,0.544,0.000,0.1
Xavier Hutchinson,IOWAST,WR,74,203,9.375,31.375,74.875,4.53,1.55,4.35,36,116,6.92,0.700,0.538,0.550,0.457,0.420,0.533,0.588,0.500,0.3,0.5,0.35,0.5,0.544,0.434,89.4,81.3,78.5,0.948,0.826,0.892,0.583,4.2,2.72,9.20,5.3,45.2,92.4,8,0.259,0.617,0.669,0.452,0.3,0.08,0.774,0.5,0.471,0.533,0.553,0.444,0.424,0.181,0.212,47.3,0.4,0.5,0.4,0.193,0.333,0.229,-33,-35,42.1,0.264,0.272,0.246,152,0,152,90,0,90,0.59,0.146,1,0.16,2.63,0.217,-3.5,0.178,0.258,0.26
,,,,,,,,,,,,,,#REF!,#REF!,#REF!,#REF!,#REF!,#REF!,#REF!,#REF!,#REF!,#REF!,#REF!,#REF!,#REF!,#REF!,#REF!,#REF!,#REF!,#REF!,#REF!,#REF!,,,,,,,,#REF!,-0.235,#REF!,#REF!,#REF!,#REF!,#REF!,#REF!,#REF!,#REF!,#REF!,#REF!,#REF!,#REF!,#REF!,,,,,,#DIV/0!,,,,,,,,,,,,,,,,,,,,,,,,
Garrett Wilson,OHIOST,WR,72,192,9.875,32,76.625,4.38,1.54,4.36,36,123,7.03,0.500,0.400,0.750,0.565,0.545,,0.775,0.550,0.3,0.5,0.55,0.4,,,84.5,82.7,70.5,,0.854,0.758,,6,3,11.60,7.9,61.5,141.7,,0.471,0.739,0.506,,0.4,0.08,0.516,0.6,0.519,0.552,0.685,0.545,0.350,,,79.31,,,,,,0.640,-21.51,-14.05,58.55,,,,1209,595,674,2145,1103,1042,3.56,0.879,15,0.31,4.01,0.401,-1.1,0.444,0.581,0.46
George Pickens,GEORGIA,WR,74,195,8.75,32.25,77.125,4.47,1.50,4.37,33,124,6.89,0.700,0.438,0.300,0.609,0.580,,0.663,0.750,0.3,0.3,0.58,0.6,,,59.1,61,66.7,,0.420,0.695,,9,1.67,-4.00,0,,87.5,,0.824,0.161,1.000,,-0.6,0.07,0.516,0.5,0.522,0.525,0.698,0.434,0.425,,,72.72,,,,,,0.701,173.48,10.4,60.85,,,,1056,580,581,1941,801,1190,3.71,0.916,17,0.40,4.64,0.485,1.2,0.700,0.403,0.35
Alec Pierce,CINCI,WR,75,208,9.25,33,79.125,4.33,1.50,4.28,40.5,129,7.13,0.800,0.600,0.500,0.739,0.723,,0.838,0.750,0.4,0.9,0.72,0.3,,,77.7,73.6,75,,0.672,0.833,,3.8,2.54,16.70,5.9,50,126.6,,0.212,0.539,0.631,,0.8,0.08,0.516,0.7,0.656,0.672,0.803,0.818,0.357,,,58.59,,,,,,0.417,49.31,-3.68,52.14,,,,976,478,605,1107,593,514,2.31,0.570,9,0.23,2.97,0.263,-0.9,0.467,0.274,0.27
Jahan Dotson,PENNST,WR,70,182,9.5,30.625,71.25,4.43,1.53,4.27,36,125,7.21,0.300,0.275,0.600,0.326,0.161,,0.713,0.600,0.4,0.5,0.60,0.2,,,87.2,86.7,91.2,,0.934,1.103,,5.3,2.56,11.30,2.2,41.7,110.4,,0.388,0.548,0.863,,0.4,0.09,0.516,0.3,0.516,0.332,0.668,0.573,0.318,,,64.26,,,,,,0.435,51.28,-2.36,60.43,,,,951,376,635,1041,523,518,2.37,0.585,8,0.21,3.14,0.285,-0.8,0.478,0.290,0.28
Chris Olave,OHIOST,WR,72,188,9.5,31.125,73.5,4.39,1.53,4.25,32,124,7.14,0.500,0.350,0.600,0.413,0.321,,0.763,0.600,0.5,0.2,0.58,0.3,,,79.9,75.5,73.2,,0.710,0.803,,4.2,2.29,14.70,7.1,62.5,121.5,,0.259,0.430,0.556,,0.6,0.06,0.516,0.4,0.483,0.437,0.698,0.392,0.376,,,82.9,,,,,,0.751,164.47,3.58,63.86,,,,934,431,542,2165,1044,1123,4.67,1.153,18,0.48,3.62,0.349,-0.2,0.544,0.629,0.49
Drake London,USC,WR,77,213,9.5,33,79.375,,,,,,,1.000,0.663,0.600,0.739,0.741,,6.250,8.250,,,,,,,91.8,76.4,69,,0.728,0.733,,5.2,3.52,9.20,8.3,65.4,114.3,,0.376,0.965,0.481,,0.3,0.10,0.516,0.7,7.250,0.749,0.500,0.500,0.500,,,81.87,,,,,,0.656,103.44,-1.19,63.23,,,,851,419,485,1771,866,905,4.18,1.032,16,0.47,3.1,0.280,-0.4,0.522,0.629,0.49
Romeo Doubs,NEVA,WR,74,204,10.125,32.875,78.125,4.52,,,,,,0.700,0.550,0.850,0.717,0.652,,0.600,8.250,,,,,,,83.3,82.1,81.9,,0.842,0.948,,4,2.3,13.80,4.8,60,130.6,,0.235,0.435,0.700,,0.6,0.07,0.516,0.7,4.425,0.694,3.660,0.500,0.500,,,66.28,,,,,,0.532,67.42,-5.16,62.73,,,,723,312,555,1099,425,908,3.07,0.758,11,0.38,3.29,0.305,-1.5,0.400,0.516,0.42
Rashid Shaheed,WEBER,WR,72,180,,,,4.35,,,,,,0.500,0.250,-3.200,-5.000,-4.929,,0.813,8.250,,,,,,,,,,,-0.800,-0.417,,,,,,,,,-0.235,-0.565,1.000,,-0.3,0.01,0.516,-2.5,4.531,-2.476,3.788,0.500,0.500,,,72.19,,,,,,0.799,113.92,15.83,66.97,,,,590,188,431,1206,487,719,4.51,1.114,12,0.51,4.64,0.485,3.6,0.967,0.387,0.34
Wan'Dale Robinson,KY,WR,68,178,9.5,27.75,68.75,4.44,1.56,4.29,34.5,122,,0.100,0.225,0.600,-0.174,-0.018,,0.700,0.450,0.4,0.4,0.52,,,,90,81.5,74.3,,0.830,0.822,,5.8,3.44,10.30,6.9,53.3,103.4,,0.447,0.930,0.569,,0.4,0.10,0.516,0.1,0.497,0.147,0.600,0.468,0.400,,,67.95,,,,,,0.677,34.21,-4.59,78.3,,,,501,129,402,752,227,525,3.20,0.790,6,0.30,5.23,0.564,0.55,0.628,0.387,0.34
Christian Watson,NDSU,WR,76,205,10.25,32.5,78.125,4.36,1.48,4.22,38.5,136,6.93,0.900,0.563,0.900,0.652,0.652,,0.800,0.850,0.5,0.8,0.92,0.5,,,,,,,-0.800,-0.417,,,,,,,,,-0.235,-0.565,1.000,,-0.3,0.01,0.516,0.7,0.729,0.733,0.820,0.835,0.526,,,74.19,,,,,,0.820,99.42,7.41,58.47,,,,483,270,298,1033,611,442,4.27,1.054,11,0.57,5.39,0.585,-0.45,0.517,0.645,0.5
Treylon Burks,ARKN,WR,73,225,9,33.5,79.25,4.55,1.62,4.45,33,122,7.28,0.600,0.813,0.400,0.826,0.732,,0.563,0.150,0.1,0.3,0.52,0.1,,,91,77.4,81.7,,0.748,0.945,,9.3,3.57,9.70,4.4,43.8,155.3,,0.859,0.987,0.725,,0.3,0.11,0.516,0.7,0.296,0.674,0.398,0.405,0.126,,,63,,,,,,0.613,-1.6,-15.3,58.33,,,,478,254,266,665,444,221,2.78,0.686,6,0.31,5.04,0.539,-1.15,0.439,0.403,0.35
Khalil Shakir,BOISE,WR,71,189,9.375,29.125,,4.58,,4.36,33.5,118,7.12,0.400,0.363,0.550,0.065,-4.929,,0.525,8.250,0.3,0.3,0.40,0.3,,,89.3,75,57.5,,0.700,0.542,,6.1,2.83,9.80,11.5,44.4,116,,0.482,0.665,0.281,,0.3,0.07,0.516,-0.7,1.684,-0.710,3.615,0.369,0.296,,,72.54,,,,,,0.847,173.3,38.24,77.78,,,,421,171,393,772,252,686,3.40,0.840,8,0.48,7.41,0.855,3.25,0.928,0.226,0.24
Skyy Moore,WMICH,WR,70,195,10.25,29.75,74.25,4.41,1.54,4.32,34.5,125,7.13,0.300,0.438,0.900,0.174,0.375,,0.738,0.550,0.4,0.4,0.60,0.3,,,92,76.9,88.4,,0.738,1.057,,5.7,3.46,10.60,3.2,61.5,132.2,,0.435,0.939,0.800,,0.4,0.11,0.516,0.4,0.493,0.437,0.663,0.511,0.324,,,60.43,,,,,,0.657,1.53,-11.23,62.32,,,,413,208,289,494,267,244,2.57,0.635,4,0.24,6.09,0.679,-0.6,0.500,0.339,0.31
Tyquan Thornton,BAYL,WR,73,182,8.25,32.25,75.5,4.28,1.48,4.39,36.5,130,7.25,0.600,0.275,0.100,0.609,0.464,,0.900,0.850,0.2,0.6,0.75,0.2,,,81.9,74.3,77.9,,0.686,0.882,,3.2,2.68,15.40,5.2,50,120.8,,0.141,0.600,0.675,,0.7,0.08,0.516,0.4,0.578,0.410,0.880,0.666,0.194,,,54.33,,,,,,0.354,-62.47,-37.65,53.03,,,,412,326,137,338,247,91,1.59,0.393,3,0.18,3.37,0.316,-3.6,0.167,0.339,0.31
David Bell,PURDUE,WR,73,212,9.375,31.75,76.375,4.65,1.59,4.57,33,116,7.14,0.600,0.650,0.550,0.522,0.527,,0.438,0.300,-0.1,0.3,0.35,0.3,,,87.4,77.1,81.1,,0.742,0.935,,5.8,2.7,10.70,5.1,42.3,115.3,,0.447,0.609,0.681,,0.4,0.08,0.516,0.6,0.266,0.570,0.383,0.319,0.110,,,55.06,,,,,,0.454,-11.01,-16.85,70.37,,,,406,305,158,381,214,221,2.10,0.519,3,0.18,3.92,0.389,0.1,0.578,0.161,0.2
Brandon Johnson,UCF,WR,74,195,,,,,,,,,,0.700,0.438,-3.200,-5.000,-4.929,,6.250,8.250,,,,,,,64,38.1,69.7,,-0.038,0.745,,4.1,1.46,14.20,7.3,61.5,114.6,,0.247,0.070,0.544,,0.6,0.04,0.516,-2.4,7.250,-2.398,0.500,0.500,0.500,,,59.7,,,,,,0.440,64.16,18.24,64.1,,,,309,128,217,326,42,284,1.84,0.454,3,0.24,4.2,0.427,-1.5,0.400,0.242,0.25
Jalen Tolbert,S.BAMA,WR,73,194,10,32.25,76.25,4.49,1.54,4.24,36,123,7.08,0.600,0.425,0.800,0.609,0.518,,0.638,0.550,0.5,0.5,0.55,0.4,,,85.1,59.2,62.8,,0.384,0.630,,7.1,3.16,14.20,8.9,44.4,116.9,,0.600,0.809,0.444,,0.6,0.09,0.516,0.6,0.520,0.590,0.603,0.545,0.420,,,58.38,,,,,,0.205,56,5.36,63.16,,,,288,40,300,280,12,268,1.39,0.343,3,0.26,1.5,0.067,-2.95,0.239,0.258,0.26
Jameson Williams,BAMA,WR,74,179,,,,,,,,,,0.700,0.238,-3.200,-5.000,-4.929,,6.250,8.250,,,,,,,83.4,32.9,70.7,,-0.142,0.762,,9.1,3.11,15.00,7.6,37.5,143.9,,0.835,0.787,0.525,,0.7,0.09,0.516,-2.4,7.250,-2.438,0.500,0.500,0.500,,,61.49,,,,,,0.554,-1.21,-16.19,49.02,,,,261,37,332,395,41,433,2.67,0.659,5,0.48,4.36,0.448,-2.9,0.244,0.435,0.37
Deven Thompkins,UTAHST,WR,67,167,8.125,29.5,,4.35,,4.25,38,132,,0.000,0.088,0.050,0.130,-4.929,,0.813,8.250,0.5,0.7,0.81,,,,88.9,77.8,84.4,,0.756,0.990,,4.8,3.41,16.40,4.3,41.4,109.6,,0.329,0.917,0.731,,0.8,0.11,0.516,-0.9,2.209,-0.932,3.788,0.757,0.467,,,56.35,,,,,,0.456,-80.9,-62.21,62.86,,,,159,45,141,115,32,87,1.63,0.402,1,0.16,4.82,0.509,-4,0.122,0.532,0.43
Kyle Philips,UCLA,WR,72,196,9.375,30.5,74.125,,,,,,,0.500,0.450,0.550,0.304,0.366,,6.250,8.250,,,,,,,76.6,64.1,65,,0.482,0.667,,6,2.11,9.80,9.2,33.3,104.9,,0.471,0.352,0.425,,0.3,0.05,0.516,0.4,7.250,0.434,0.500,0.500,0.500,,,69.42,,,,,,0.743,24.02,0.92,65.71,,,,145,48,111,259,78,181,3.53,0.872,3,0.52,5.61,0.615,-0.3,0.533,0.532,0.43
Velus Jones Jr.,USC,WR,72,203,9.5,31,73.5,4.31,1.47,4.48,33,120,7.12,0.500,0.538,0.600,0.391,0.321,,0.863,0.900,0.1,0.3,0.46,0.3,,,77.3,68.9,83,,0.578,0.967,,8.8,2.8,6.70,3.7,40,135.2,,0.800,0.652,0.769,,0.1,0.09,0.516,0.5,0.485,0.470,0.878,0.376,0.196,,,57.1,,,,,,0.516,5,-8.1,57.89,,,,118,71,54,127,107,20,1.97,0.486,3,0.64,5.09,0.545,-3.2,0.211,0.435,0.37
Michael Woods II,OKL,WR,74,204,10,,,4.55,,,,,,0.700,0.550,0.800,-5.000,-4.929,,0.563,8.250,,,,,,,71.4,72.6,67.3,,0.652,0.705,,5.5,1.91,11.30,8.3,40,88.1,,0.412,0.265,0.481,,0.4,0.05,0.516,-1.6,4.406,-1.576,3.638,0.500,0.500,,,53.4,,,,,,0.250,-22,-39,62.5,,,,88,93,0,45,45,0,0.51,0.126,0,0.00,3.8,0.373,-3.6,0.167,0.161,0.2
Jalen Nailor,MICHST,WR,72,191,9.625,31.875,,,,,,,,0.500,0.388,0.650,0.543,-4.929,,6.250,8.250,,,,,,,74.7,73.3,66.7,,0.666,0.695,,10.5,2.83,13.20,8.6,0,91.2,,1.000,0.665,0.463,,0.5,0.08,0.516,-0.6,7.250,-0.570,0.500,0.500,0.500,,,65.56,,,,,,1.413,11.15,-18.36,66.67,,,,75,31,53,208,179,29,8.03,1.983,1,0.33,7.33,0.844,1.45,0.728,0.468,0.39
Montrell Washington,SAMF,WR,70,170,9.375,,,4.48,,4.34,39,118,,0.300,0.125,0.550,-5.000,-4.929,,0.650,8.250,0.3,0.8,0.40,,,,,,,,-0.800,-0.417,,,,,,,,,-0.235,-0.565,1.000,,-0.3,0.01,0.516,-1.8,2.082,-1.791,3.690,0.598,0.317,,,48.4,,,,,,0.172,-63,-108.1,44.44,,,,53,52,0,2,2,0,0.04,0.010,0,0.00,3.5,0.333,-9,-0.433,0.419,0.36
Dennis Houston,W.ILLI,WR,72,197,,,,4.63,1.63,,31,119,7.42,0.500,0.463,-3.200,-5.000,-4.929,,0.463,0.100,,0.1,0.43,0.0,,,,,,,-0.800,-0.417,,,,,,,,,-0.235,-0.565,1.000,,-0.3,0.01,0.516,-2.4,0.214,-2.433,0.318,0.279,-0.048,,,54.7,,,,,,0.178,-25,-73.2,33.33,,,,44,48,0,16,16,0,0.36,0.089,0,0.00,3,0.267,-6.2,-0.122,0.274,0.27
Jalen Virgil,APPAST,WR,72,206,,,,4.4,,,,,,0.500,0.575,-3.200,-5.000,-4.929,,0.750,8.250,,,,,,,62.7,38.1,38.6,,-0.038,0.227,,5.4,1.99,17.40,20,20,52.6,,0.400,0.300,-0.250,,0.8,0.01,0.516,-2.4,4.500,-2.411,3.750,0.500,0.500,,,58.5,,,,,,1.581,19,39.7,50,,,,43,43,0,75,75,0,1.74,0.430,0,0.00,21.5,2.733,8.3,1.489,0.129,0.18
Dareke Young,LENOIR,WR,74,224,9.625,33.5,81,4.44,1.58,4.4,38,121,7.15,0.700,0.800,0.650,0.826,0.857,,0.700,0.350,0.2,0.7,0.49,0.3,,,,,,,-0.800,-0.417,,,,,,,,,-0.235,-0.565,1.000,,-0.3,0.01,0.516,0.8,0.456,0.767,0.560,0.599,0.245,,,61.9,,,,,,0.836,12,61.6,100,,,,32,37,0,24,35,0,0.83,0.205,0,0.00,12,1.467,6.7,1.311,0.194,0.22
Lance McCutcheon,MONTST,WR,75,202,10.25,32.5,78.5,4.57,1.58,4.57,36.5,124,7.15,0.800,0.525,0.900,0.652,0.679,,0.538,0.350,-0.1,0.6,0.58,0.3,,,,,,,-0.800,-0.417,,,,,,,,,-0.235,-0.565,1.000,,-0.3,0.01,0.516,0.7,0.376,0.711,0.463,0.580,0.104,,,47.4,,,,,,-0.067,-38,-108.5,0,,,,26,29,0,0,0,0,0.00,0.000,0,0.00,0,-0.133,-9.1,-0.444,0.290,0.28
Danny Gray,SMU,WR,73,186,8.25,31.375,74.125,4.33,,4.36,34,126,7.09,0.600,0.325,0.100,0.457,0.366,,0.838,8.250,0.3,0.4,0.63,0.3,,,77.6,74.5,53.7,,0.690,0.478,,8.6,2.69,10.90,12.5,57.1,133.3,,0.776,0.604,0.219,,0.4,0.06,0.516,0.4,1.787,0.370,3.803,0.504,0.314,,,52.4,,,,,,0.247,-32,-72.2,16.67,,,,26,32,0,10,10,0,0.38,0.094,0,0.00,4,0.400,-8.6,-0.389,0.484,0.4
Braylon Sanders,OMISS,WR,72,194,8.5,31.125,73.75,4.48,1.52,4.39,36,125,7.13,0.500,0.425,0.200,0.413,0.339,,0.650,0.650,0.2,0.5,0.60,0.3,,,62.9,42.6,66.7,,0.052,0.695,,6.2,1.66,20.80,8.3,20,93.8,,0.494,0.157,0.481,,1.1,0.04,0.516,0.4,0.496,0.375,0.650,0.573,0.265,,,48.6,,,,,,0.116,-28,-133.1,66.67,,,,18,19,0,17,17,0,0.94,0.232,0,0.00,1,0.000,-3.3,0.200,0.242,0.25
Daylen Baldwin,MICH,WR,74,212,10.125,33.875,81.75,,,,,,,0.700,0.650,0.850,0.891,0.911,,6.250,8.250,,,,,,,62.8,69.5,58.6,,0.590,0.560,,6.1,2.12,11.40,11.1,0,103.5,,0.482,0.357,0.306,,0.4,0.04,0.516,0.8,7.250,0.800,0.500,0.500,0.500,,,81.2,,,,,,0.551,13,57.9,100,,,,5,5,0,25,25,0,5.00,1.235,0,0.00,0,-0.133,3.5,0.956,0.935,0.68
Samouri Toure,NEBR,WR,74,191,,,,,,,,,,0.700,0.388,-3.200,-5.000,-4.929,,6.250,8.250,,,,,,,,,,,-0.800,-0.417,,,,,,,,,-0.235,-0.565,1.000,,-0.3,0.01,0.516,-2.4,7.250,-2.408,0.500,0.500,0.500,,,0,,,,,,-0.067,0,0,0,,,,0,0,0,0,0,0,0.00,0.000,0,,0,-0.133,0,0.567,-0.161,0
,,,,,,,,,,,,,,,,,,,,,,,,,,,,,,,,,,,,,,,,,,,,,,,,,,,,,,,,,,,,,,,,,,,,,,,,,,,,,,,,,,,,,
Marvin Harrison Jr.,OSU,WR,75,209,9.5,31.875,,,,,,,,,,,,,,,,,,,,,,89.6,75.6,69.3,,,,,6.4,3.44,13.10,8.2,43.3,120.3,,,,,,,,,,,,,,,,,,,,,,,,,,,,,,,,,,,,,,,,,,,,,
Malik Nabers,LSU,WR,72,200,9.875,31.375,76.125,4.35,,,42,129,,,,,,,,,,,,,,,,93.5,76.6,80,,,,,6.7,3.81,12.50,5.5,47.6,142.7,,,,,,,,,,,,,,,,,,,,,,,,,,,,,,,,,,,,,,,,,,,,,
Rome Odunze,UWASH,WR,75,212,9.25,32.25,76.75,4.45,1.52,4.03,39,124,6.88,,,,,,,,,,,,,,,88.1,40.9,83.7,,,,,5.3,3.09,16.20,3.9,70.8,123.6,,,,,,,,,,,,,,,,,,,,,,,,,,,,,,,,,,,,,,,,,,,,,
Adonai Mitchell,TEXAS,WR,74,205,9,32.75,,4.34,1.52,,39.5,136,,,,,,,,,,,,,,,,74.7,45.4,86.8,,,,,3,1.79,16.20,2.2,33.3,125.2,,,,,,,,,,,,,,,,,,,,,,,,,,,,,,,,,,,,,,,,,,,,,
Brian Thomas Jr.,LSU,WR,75,209,9.75,32.75,79.25,4.33,1.50,,38.5,126,,,,,,,,,,,,,,,,74.5,49.4,69.8,,,,,6.1,2.65,13.70,7.7,58.3,152.7,,,,,,,,,,,,,,,,,,,,,,,,,,,,,,,,,,,,,,,,,,,,,
Troy Franklin,OREG,WR,74,176,8.75,31.875,77.25,4.41,1.61,4.31,39,124,6.9,,,,,,,,,,,,,,,88.5,75.9,61.7,,,,,6.8,3.55,13.00,10.5,37.5,150.9,,,,,,,,,,,,,,,,,,,,,,,,,,,,,,,,,,,,,,,,,,,,,
Ladd McConkey,GEOR,WR,72,186,8.625,30.25,72.75,4.39,1.52,,36,124,,,,,,,,,,,,,,,,81.7,71.9,69.5,,,,,6.3,3.62,12.30,7.1,33.3,140.3,,,,,,,,,,,,,,,,,,,,,,,,,,,,,,,,,,,,,,,,,,,,,
Keon Coleman,FSU,WR,75,213,9.375,32.125,,4.61,1.54,,38,127,,,,,,,,,,,,,,,,72.7,68.7,91.9,,,,,6.2,1.82,12.80,0,33.3,112.4,,,,,,,,,,,,,,,,,,,,,,,,,,,,,,,,,,,,,,,,,,,,,
Roman Wilson,UMICH,WR,71,185,9.375,30.375,72.25,4.39,1.52,4.07,,,6.89,,,,,,,,,,,,,,,85.9,73.2,84.5,,,,,3.7,2.97,14.80,2.4,60,143.8,,,,,,,,,,,,,,,,,,,,,,,,,,,,,,,,,,,,,,,,,,,,,
Ricky Pearsall,FLOR,WR,73,189,9.25,30.875,73.625,4.41,1.57,4.05,42,129,6.64,,,,,,,,,,,,,,,77.8,65.5,86.8,,,,,5.8,2.23,11.00,3,50,116.2,,,,,,,,,,,,,,,,,,,,,,,,,,,,,,,,,,,,,,,,,,,,,
Ja'Lynn Polk,UWASH,WR,73,203,9.75,31.75,74.5,4.52,1.52,,37.5,129,,,,,,,,,,,,,,,,76.1,49.8,73,,,,,4.4,2.42,14.50,6.8,55,121,,,,,,,,,,,,,,,,,,,,,,,,,,,,,,,,,,,,,,,,,,,,,
Xavier Lagette,SC,WR,71,221,9,31.875,77.25,4.39,1.54,,40,126,,,,,,,,,,,,,,,,86.9,77.6,88.1,,,,,6.4,3.15,13.80,2.7,47.6,126.3,,,,,,,,,,,,,,,,,,,,,,,,,,,,,,,,,,,,,,,,,,,,,
Malachi Corley,WKU,WR,71,215,9.125,32.125,75.5,4.46,,,,,,,,,,,,,,,,,,,,82.1,36.9,65.3,,,,,8.6,2.79,5.80,7.4,23.5,117.2,,,,,,,,,,,,,,,,,,,,,,,,,,,,,,,,,,,,,,,,,,,,,
Xavier Worthy,TEXAS,WR,71,165,8.75,31.125,,4.21,1.49,,41,131,,,,,,,,,,,,,,,,73.4,57,72.9,,,,,6.9,2.31,10.30,6.9,25,100.1,,,,,,,,,,,,,,,,,,,,,,,,,,,,,,,,,,,,,,,,,,,,,
Jermaine Burton,BAMA,WR,72,196,9.875,31,,4.45,1.53,,38.5,133,,,,,,,,,,,,,,,,84.9,35.8,90.3,,,,,3.8,3.12,20.60,0,58.3,125.7,,,,,,,,,,,,,,,,,,,,,,,,,,,,,,,,,,,,,,,,,,,,,
Devontez Walker,UNC,WR,74,193,9.125,33.25,79.125,4.36,1.54,4.3,40.5,134,,,,,,,,,,,,,,,,68.3,44.4,72.1,,,,,2.8,2.28,18.20,6.8,58.8,114.4,,,,,,,,,,,,,,,,,,,,,,,,,,,,,,,,,,,,,,,,,,,,,
Javon Baker,UCF,WR,73,202,9.625,32.25,78,4.54,1.58,,37,121,,,,,,,,,,,,,,,,81.3,73.2,54.6,,,,,7.4,3.03,17.20,12.2,46.2,115.2,,,,,,,,,,,,,,,,,,,,,,,,,,,,,,,,,,,,,,,,,,,,,
Johnny Wilson,FSU,WR,78,231,10,35.375,84.375,4.52,1.55,4.11,37,128,,,,,,,,,,,,,,,,75.2,72.9,58.3,,,,,3.6,2.61,14.30,11.4,40,99.1,,,,,,,,,,,,,,,,,,,,,,,,,,,,,,,,,,,,,,,,,,,,,
Jalen McMillan,UWASH,WR,73,197,10,32.125,77.375,4.47,1.53,4.18,37,127,6.94,,,,,,,,,,,,,,,65.5,44.4,43.1,,,,,7.5,2.45,10.10,16.7,0,133.3,,,,,,,,,,,,,,,,,,,,,,,,,,,,,,,,,,,,,,,,,,,,,
Malik Washington,UVA,WR,68,191,9.25,30.375,73.25,4.47,1.53,,42.5,126,,,,,,,,,,,,,,,,92.4,79.3,91.3,,,,,6.4,3.15,8.10,2.6,64.7,115.1,,,,,,,,,,,,,,,,,,,,,,,,,,,,,,,,,,,,,,,,,,,,,
Jamari Thrash,LOUS,WR,72,188,8.625,31,75,4.46,1.54,,34,120,7.16,,,,,,,,,,,,,,,79.1,49.3,59.4,,,,,7,2.5,11.60,11.3,21.4,109.8,,,,,,,,,,,,,,,,,,,,,,,,,,,,,,,,,,,,,,,,,,,,,
Jacob Cowing,UARIZ,WR,68,168,9,29.25,69.25,4.38,1.54,4.32,36,119,7.02,,,,,,,,,,,,,,,74.6,54.2,70.1,,,,,5.7,1.75,5.90,6.8,30.8,107.6,,,,,,,,,,,,,,,,,,,,,,,,,,,,,,,,,,,,,,,,,,,,,
Ainias Smith,TA&M,WR,69,190,8.5,29,70.5,4.48,,4.27,,,6.86,,,,,,,,,,,,,,,79.5,71.8,88.8,,,,,6.7,2.27,10.40,1.9,55.6,93.7,,,,,,,,,,,,,,,,,,,,,,,,,,,,,,,,,,,,,,,,,,,,,
Brenden Rice,USC,WR,74,208,9.625,33,77.5,4.5,1.55,4.32,36.5,119,6.94,,,,,,,,,,,,,,,79.4,43.2,80.3,,,,,5.2,2.75,15.10,4.3,25,136.4,,,,,,,,,,,,,,,,,,,,,,,,,,,,,,,,,,,,,,,,,,,,,
Tahj Washington,USC,WR,70,174,8.375,29.125,70.375,4.52,,4.22,35,122,6.81,,,,,,,,,,,,,,,82.9,74.4,88.4,,,,,9,2.95,10.90,1.9,60,142.4,,,,,,,,,,,,,,,,,,,,,,,,,,,,,,,,,,,,,,,,,,,,,
Isiah Williams,ILLI,WR,69,182,9.125,30.125,72.75,4.63,1.59,4.13,38,123,6.75,,,,,,,,,,,,,,,80.9,72.2,74.6,,,,,6.7,2.51,8.50,6.8,21.4,93.8,,,,,,,,,,,,,,,,,,,,,,,,,,,,,,,,,,,,,,,,,,,,,
Luke McCaffrey,RICE,WR,74,198,9.625,30.125,74.625,4.46,1.52,4.02,36,121,6.7,,,,,,,,,,,,,,,84.2,77.4,83.5,,,,,6,2.2,10.90,4.2,60.7,99.9,,,,,,,,,,,,,,,,,,,,,,,,,,,,,,,,,,,,,,,,,,,,,
Cornelius Johnson,UMICH,WR,75,212,8.625,31.875,76.875,4.44,1.55,4.37,37.5,127,6.93,,,,,,,,,,,,,,,70.8,72.8,59.6,,,,,3.3,1.93,13.20,10.8,87.5,103.4,,,,,,,,,,,,,,,,,,,,,,,,,,,,,,,,,,,,,,,,,,,,,
Jha'Quan Jackson,TULA,WR,69,188,8.875,30.875,74.875,4.42,1.55,,32,118,,,,,,,,,,,,,,,,74,82.7,58.4,,,,,6.4,2.46,12.10,11.1,37.5,116,,,,,,,,,,,,,,,,,,,,,,,,,,,,,,,,,,,,,,,,,,,,,
Marcus Rosemy-Jacksaint,GEOR,WR,73,195,10,33,77.75,4.81,4.45,,35,119,7.35,,,,,,,,,,,,,,,74.4,71.7,89.2,,,,,5.1,2.45,12.10,0,55.6,127.3,,,,,,,,,,,,,,,,,,,,,,,,,,,,,,,,,,,,,,,,,,,,,
Jordan Whittington,TEXAS,WR,73,205,10,30.375,,4.47,,,,,,,,,,,,,,,,,,,,63,73.7,60.1,,,,,5.6,1.45,6.80,8.3,0,103.2,,,,,,,,,,,,,,,,,,,,,,,,,,,,,,,,,,,,,,,,,,,,,
Anthony Gould,OREGST,WR,68,174,8.875,29.625,69.875,4.39,1.49,4.16,39.5,129,6.94,,,,,,,,,,,,,,,74.1,44,67,,,,,5.8,2.54,13.60,8.3,44.4,88.5,,,,,,,,,,,,,,,,,,,,,,,,,,,,,,,,,,,,,,,,,,,,,
Tayvion Robinson,UK,WR,70,191,9.25,31,75.75,4.55,,,32,117,,,,,,,,,,,,,,,,74.1,82.9,63.9,,,,,6,1.91,9.60,9.8,75,98.6,,,,,,,,,,,,,,,,,,,,,,,,,,,,,,,,,,,,,,,,,,,,,
Joshua Cephus,UTSA,WR,74,185,9.125,31.625,76,4.62,,4.37,32.5,122,7.12,,,,,,,,,,,,,,,88.4,77.4,92.9,,,,,6.7,2.35,9.50,1.2,27.8,122.5,,,,,,,,,,,,,,,,,,,,,,,,,,,,,,,,,,,,,,,,,,,,,
Bub Means,PITT,WR,73,212,10.125,33.25,79,4.43,1.55,,39.5,122,,,,,,,,,,,,,,,,72,40.2,78.1,,,,,5.2,2.14,17.70,4.7,50,94.5,,,,,,,,,,,,,,,,,,,,,,,,,,,,,,,,,,,,,,,,,,,,,
Lideatrick Griffin,MISSST,WR,70,181,9.125,30.625,73.25,4.43,1.55,4.35,35.5,124,7,,,,,,,,,,,,,,,72.4,78.9,65.5,,,,,8.2,2.25,7.10,9.1,60,106.5,,,,,,,,,,,,,,,,,,,,,,,,,,,,,,,,,,,,,,,,,,,,,
Zakhari Franklin,OLEMIS,WR,73,185,10.375,33,79,4.49,,,,,,,,,,,,,,,,,,,,55.1,65,74.9,,,,,0.3,0.54,11.80,0,,63,,,,,,,,,,,,,,,,,,,,,,,,,,,,,,,,,,,,,,,,,,,,,
Devaughn Vele,UTAH,WR,76,203,9.75,33.5,,4.47,1.53,,36,126,,,,,,,,,,,,,,,,69.1,73.4,78.9,,,,,3.4,1.81,11.80,4.4,42.9,91,,,,,,,,,,,,,,,,,,,,,,,,,,,,,,,,,,,,,,,,,,,,,